query,video,start,end
artist walks onto the stage,,,
bass drop with the crowd jumping,,,
crowd sings along with the artist,,,
pyrotechnics or flames on stage,,,
confetti falls over the crowd,,,
fireworks display,,,
crowd surfing or mosh pit,,,
artist talks to the audience between songs,,,
guitar solo,,,
drum solo,,,
encore begins after the crowd chants,,,
light show over the crowd at night,,,
fan sitting on someone's shoulders,,,
band takes a bow at the end of the show,,,
crowd entering the festival grounds,,,
food and merch stalls during the day,,,
